start,image,end,size,far,insns,ncalls,ncallers,ints,sets_ds,strings
0000:0000,00000,0000:0090,144,1,49,4,11,,0,""
0000:0090,00090,0000:01b0,288,1,111,13,13,,0,"Press any key to continue."
0000:01b0,001b0,0000:0297,231,1,89,12,2,,0,""
0000:0297,00297,0000:0477,480,1,185,7,25,,0,"Please insert %s DISK in Drive %c: | Hard disk is a %s DISK. | This disk is a %s DISK."
0000:0477,00477,0000:05c0,329,1,119,9,5,,0,"diskid.dat | %s %s | This disk does not match the master! | Please remove write protect tab | %s %s"
0000:05c0,005c0,0000:0651,145,1,54,5,1,,0,"diskid.dat"
0000:0651,00651,0000:0730,223,1,74,2,2,,0,""
0000:0730,00730,0000:07b3,131,1,48,2,2,,0,""
0000:07b3,007b3,00c0:0000,1101,0,358,44,1,,0,"herc | voices.bin | songs.bin | testdrv2.pes | Please insert MASTER or PLAY Disk. | Exit to DOS (Y/N)?"
00c0:000c,00c0c,00c0:0282,630,1,225,12,1,,0,"testdrv2 | tdri | duel"
00c0:0282,00e82,00c0:03a4,290,1,103,10,1,,0,"accolade | acc_ | pres | copy | bull"
00c0:03a4,00fa4,00c0:04cf,299,0,113,10,1,,0,"dsititle | testdrv2 | accolade"
010d:0006,010d6,010d:027d,631,1,233,12,1,,0,"dsititle | sqar | text | arow | type"
010d:027d,0134d,0144:0000,243,0,95,4,1,,0," Created by  |  Design and Programming  |  Art  |  Music  | Distinctive Software Inc. | Vancouver B.C. | Amory Wong   Ri"
0144:0002,01442,0144:0196,404,1,154,9,1,,0,""
0144:0196,015d6,0144:01d9,67,1,23,0,0,,0,""
0144:01d9,01619,019e:0000,967,0,327,21,2,,0,"%d %d %d %s | carS | carM | logo | frm0frm1frm2 | rrm0rrm1rrm2"
019e:000c,019ec,019e:00a3,151,1,49,1,2,,0,""
019e:00a3,01a83,019e:02fc,601,1,221,16,1,,0,"testdrv2 | blue | carM | carS | logo | stat"
019e:02fc,01cdc,019e:05a6,682,1,250,18,1,,0,"testdrv2 | blue | carM | carS | logo | stat | carS"
019e:05a6,01f86,019e:0744,414,1,148,13,1,,0,"Additional Scenerydisks Available. | %s DISK | icon | picl | Use Keyboard/Joystick to change scenery."
019e:0744,02124,019e:0cfe,1466,0,508,26,1,,0,"rear | logS | rear | logS | icon | pics | gamediff | gameopt | cloccompycarocarsceninsttxt0txt1arrw"
026e:000e,026ee,026e:0021,19,1,10,0,1,,0,""
026e:0021,02701,026e:0043,34,1,13,1,3,,0,""
026e:0043,02723,026e:1195,4434,1,1633,43,1,,0,"gasstuff | gast | carM | carS | You crashed %d time%s. | You blew your engine %d time%s. | You were given %d speeding ti"
026e:1195,03875,026e:122e,153,1,66,2,1,,0," Overall Performance  | Your time:      %d:%02d.%d | Your score:     %ld points"
026e:122e,0390e,026e:13a5,375,1,157,5,1,,0," Section %d  |  %d.%d miles  | Your time:      %d:%02d.%d + %d:%02d penalty | Your avg speed: %ld mph | Your score:     "
026e:13a5,03a85,026e:15ee,585,1,195,12,1,,0,"gamediff | tex0 | tex1 | scal | sca2 | arrw | ARRW"
026e:15ee,03cce,026e:1cbf,1745,1,612,25,1,,0,"Please wait while loading... | road | dash | .bin | road | o.bin | .dat | %s%c%s | car1 | car2 | car3 | .sgn | %s%c%s | "
043a:0000,043a0,043a:005b,91,1,34,1,4,,0,""
043a:005b,043fb,043a:00a3,72,1,29,0,2,,0,""
043a:00a3,04443,043a:01ac,265,1,99,7,3,,0,"cars.dat | Cannot open cars.dat for read. | %s %s"
043a:01ac,0454c,043a:02b9,269,1,104,7,3,,0,"scenes.dat | Cannot open scenes.dat for read. | %s %s %d"
043a:02b9,04659,043a:0370,183,1,70,5,1,,0,"select.dat | %d %d %d %s %s %s | P959 | TDS2"
043a:0370,04710,043a:0409,153,1,60,5,2,,0,"select.dat | select.dat | Cannot open select.dat for write | %d %d %d %s %s %s"
043a:0409,047a9,043a:043b,50,1,19,2,2,,0,""
043a:043b,047db,043a:04eb,176,1,66,2,1,,0,""
043a:04eb,0488b,043a:0841,854,1,317,14,3,,0,"Reading %s | Writing %s"
043a:0841,04be1,043a:0889,72,1,30,3,1,,0,""
043a:0889,04c29,043a:08ec,99,1,41,5,2,,0,"Deleting %s"
043a:08ec,04c8c,043a:0a22,310,1,118,3,1,,0,""
043a:0a22,04dc2,043a:0b57,309,1,119,3,1,,0,""
043a:0b57,04ef7,043a:0bff,168,1,69,3,2,,0,""
043a:0bff,04f9f,043a:0d23,292,1,112,11,0,,0,"No Play Disk has been specified. | diskid.dat | cars.dat | scenes.dat | Error while creating data files. | Play Disk suc"
043a:0d23,050c3,043a:0f5f,572,1,209,13,1,,0,"Cannot open cars.dat | %s %s  | cars.dat"
043a:0f5f,052ff,043a:119c,573,1,214,13,1,,0,"Cannot open scenes.dat | %s %s %d  | scenes.dat"
043a:119c,0553c,043a:132f,403,1,153,13,1,,0,"Are you sure you want to delete (y/n)? | cars.dat | Cannot open cars.dat | %s %s "
043a:132f,056cf,043a:14c9,410,1,158,13,1,,0,"Are you sure you want to delete (y/n)? | scenes.dat | Cannot open scenes.dat | %s %s %d "
043a:14c9,05869,043a:19c6,1277,1,466,26,0,,0,"No Play Disk has been specified. | C O P Y   C A R S | Press Enter to un/select cars. | Press V to view car at cursor. |"
043a:19c6,05d66,043a:1d13,845,1,310,12,0,,0,"No Play Disk has been specified. | C O P Y   S C E N E R Y | Press Enter to un/select scenery."
043a:1d13,060b3,043a:1d32,31,1,8,0,2,,0,""
043a:1d32,060d2,043a:1e92,352,1,126,8,2,,0,"Play Disk needs both cars and scenery!"
043a:1e92,06232,043a:20ee,604,0,235,11,1,,0,"I N S T A L L   M E N U"
064b:000e,064be,064b:0194,390,1,134,6,3,,0,"hisc.dat"
064b:0194,06644,064b:027f,235,1,86,4,2,,0,"hisc.dat"
064b:027f,0672f,064b:0397,280,1,111,14,1,,0,"rear | logL | You have qualified as one of | THE DUEL: Test Drive II's best drivers. | Enter your name: | Car took too m"
064b:0397,06847,064b:047e,231,1,86,3,1,,0,""
064b:047e,0692e,064b:06b6,568,1,202,16,2,,0,"THE DUEL: TEST DRIVE II TOP SCORES | rear | logS | %ld   | Your Score:  %ld"
064b:06b6,06b66,064b:06ef,57,0,24,2,1,,0,""
06ba:0006,06ba6,06ba:015f,345,1,123,1,1,,0,""
06d0:0000,06d00,06d0:0081,129,1,50,2,1,,0,"rcfArcfarcfBrcfblcfAlcfalcfBlcfbmtn0mtn1mtn2clo1clo2clo3"
06d0:0081,06d81,06d0:0092,17,1,5,1,1,,0,""
06d0:0092,06d92,06d0:00a8,22,1,6,2,2,,0,""
06d0:00a8,06da8,06d0:00e5,61,1,15,4,2,,1,""
06d0:00e5,06de5,06d0:01e3,254,1,100,7,2,,1,""
06d0:01e3,06ee3,06d0:031a,311,1,107,0,2,,0,""
06d0:031a,0701a,06d0:05da,704,0,255,1,1,,0,""
06d0:05da,072da,06d0:06a5,203,0,71,1,1,,0,""
06d0:06a5,073a5,06d0:0728,131,0,64,0,2,,0,""
06d0:0728,07428,06d0:0870,328,0,113,1,1,,0,""
06d0:0870,07570,06d0:08ad,61,0,30,0,2,,0,""
06d0:08ad,075ad,06d0:08fb,78,0,34,0,1,,0,""
06d0:08fb,075fb,06d0:0aef,500,1,200,2,1,,0,""
06d0:0aef,077ef,06d0:0b9d,174,0,55,1,1,,0,""
06d0:0b9d,0789d,06d0:0c06,105,0,34,1,1,,0,""
06d0:0c06,07906,06d0:0c6a,100,0,41,0,2,,0,""
06d0:0c6a,0796a,06d0:0cbb,81,0,35,0,2,,0,""
06d0:0cbb,079bb,06d0:1a2e,3443,0,1089,6,1,,1,""
06d0:1a2e,0872e,06d0:1a84,86,0,36,1,1,,0,""
06d0:1a84,08784,06d0:1b5a,214,1,67,22,1,,1,""
06d0:1be7,088e7,06d0:1d89,418,1,127,6,1,,0,""
06d0:1d89,08a89,06d0:1db1,40,1,9,2,1,,0,""
06d0:1db1,08ab1,06d0:1e39,136,1,54,1,1,,0,""
06d0:1e3a,08b3a,06d0:1eb8,126,1,43,2,1,,0,"rcfCrcfcrcfDrcfdlcfClcfclcfDlcfdrmt0rmt1rmt2"
06d0:1eb8,08bb8,06d0:1ec9,17,1,5,1,1,,0,""
06d0:1ec9,08bc9,06d0:1ef1,40,1,15,4,2,,1,""
06d0:1ef1,08bf1,06d0:1fc5,212,1,83,9,2,,1,""
06d0:1fc5,08cc5,06d0:20ff,314,1,108,0,2,,0,""
06d0:20ff,08dff,06d0:23b3,692,0,250,1,1,,0,""
06d0:23b3,090b3,06d0:247e,203,0,71,1,1,,0,""
06d0:247e,0917e,06d0:25c6,328,0,114,1,1,,0,""
06d0:25c6,092c6,06d0:2614,78,0,31,0,1,,0,""
06d0:2614,09314,06d0:278b,375,0,154,2,1,,0,""
06d0:278b,0948b,06d0:2838,173,0,55,1,1,,0,""
06d0:2838,09538,06d0:28a0,104,0,34,1,1,,0,""
06d0:28a0,095a0,06d0:33d3,2867,0,944,7,1,33,1,""
06d0:33d3,0a0d3,06d0:3429,86,0,36,1,1,,0,""
06d0:342a,0a12a,06d0:353b,273,1,94,19,0,,0,""
06d0:353b,0a23b,06d0:35d8,157,1,51,9,0,,0,""
06d0:35d8,0a2d8,06d0:360b,51,0,19,2,0,,0,"You missed the gas station | Hope you enjoy the walk. | and you're out of gas."
06d0:360b,0a30b,06d0:3617,12,0,4,1,0,,0,"Too far left to reach pump."
06d0:3617,0a317,06d0:3623,12,0,4,1,0,,0,"Engine has lost all power..."
06d0:3623,0a323,06d0:362f,12,0,4,1,0,,0,"Suspension completely gone..."
06d0:362f,0a32f,06d0:363b,12,0,4,1,0,,0,"Steering completely shot..."
06d0:363b,0a33b,06d0:3647,12,0,4,1,0,,0,"Car took too much damage..."
06d0:3647,0a347,06d0:3657,16,1,6,1,0,,0,"Fill 'er up..."
06d0:3657,0a357,06d0:3680,41,0,14,2,0,,0,"Lives left:      | Careful, it's your last life!"
06d0:3680,0a380,06d0:36c7,71,0,30,4,8,,0,""
06d0:36c8,0a3c8,06d0:37cc,260,1,84,6,1,,0,"dgt0dgt1dgt2dgt3dgt4dgt5dgt6dgt7dgt8dgt9spdotach"
06d0:37cc,0a4cc,06d0:37ea,30,1,9,1,1,,0,""
06d0:37ea,0a4ea,06d0:3817,45,1,16,0,1,,0,""
06d0:3817,0a517,06d0:3957,320,1,119,8,2,,0,""
06d0:3957,0a657,06d0:3989,50,0,15,1,1,,0,""
06d0:3989,0a689,06d0:39b0,39,0,13,1,1,,0,""
06d0:39b0,0a6b0,06d0:39f1,65,0,29,1,1,,0,""
06d0:39f1,0a6f1,06d0:3a8d,156,0,62,2,1,,0,""
06d0:3a8d,0a78d,06d0:3b32,165,1,54,6,1,,0,""
06d0:3b32,0a832,06d0:3be7,181,1,71,5,1,,0,""
06d0:3be7,0a8e7,06d0:3d9c,437,1,150,10,1,,0,""
06d0:3d9c,0aa9c,06d0:3dcf,51,0,26,1,1,,0,""
06d0:3dcf,0aacf,06d0:3df4,37,0,15,1,1,,0,""
06d0:3df4,0aaf4,06d0:3e05,17,1,5,1,4,,0,""
06d0:3e05,0ab05,06d0:3e38,51,1,19,4,1,,0,""
06d0:3e38,0ab38,06d0:3ef1,185,1,65,2,1,,0,""
06d0:3ef1,0abf1,06d0:3f33,66,1,22,1,1,,0,""
06d0:3f33,0ac33,06d0:4024,241,1,80,11,0,,1,""
06d0:4024,0ad24,06d0:4102,222,0,74,0,1,,0,""
06d0:4102,0ae02,06d0:4179,119,0,37,8,1,,0,""
06d0:4179,0ae79,06d0:42bb,322,0,111,2,1,,0,""
06d0:42bb,0afbb,06d0:4339,126,0,41,2,1,,0,""
06d0:4339,0b039,06d0:4382,73,0,27,0,2,,0,""
06d0:4382,0b082,06d0:439e,28,0,12,0,1,,0,""
06d0:439e,0b09e,06d0:43b7,25,0,12,0,1,,0,""
06d0:43d0,0b0d0,06d0:43e2,18,0,6,0,1,,0,""
06d0:43e2,0b0e2,06d0:4480,158,0,55,2,1,,0,""
06d0:4480,0b180,06d0:44b7,55,0,22,0,2,,0,""
06d0:44b7,0b1b7,06d0:44f4,61,0,25,0,1,,0,""
06d0:44f4,0b1f4,06d0:450a,22,0,10,1,2,,0,""
06d0:450a,0b20a,06d0:4531,39,0,12,0,3,,0,""
06d0:4531,0b231,06d0:456c,59,0,22,0,1,,0,""
06d0:456c,0b26c,06d0:4910,932,0,250,7,1,,0,""
06d0:4926,0b626,06d0:49f2,204,0,72,3,2,,0,""
06d0:49f2,0b6f2,06d0:4a55,99,0,32,0,1,,0,""
06d0:4a55,0b755,06d0:4a92,61,0,23,2,1,,0,""
06d0:4a92,0b792,06d0:4b7d,235,0,85,1,1,,0,""
06d0:4b7d,0b87d,06d0:4c1e,161,0,66,2,1,,0,""
06d0:4c1e,0b91e,06d0:4c37,25,0,13,0,3,,0,""
06d0:4c37,0b937,06d0:4e8a,595,0,183,3,1,,0,""
06d0:4e8a,0bb8a,06d0:4f1a,144,0,54,0,1,,0,""
06d0:4f1a,0bc1a,06d0:4f99,127,0,45,0,1,,0,""
06d0:4f99,0bc99,06d0:5191,504,0,169,5,1,,0,""
06d0:5191,0be91,06d0:51f5,100,0,40,0,3,,0,""
06d0:51f5,0bef5,06d0:522c,55,0,26,0,3,,0,""
06d0:522c,0bf2c,06d0:5253,39,0,17,0,3,,0,""
06d0:5253,0bf53,06d0:529e,75,0,30,0,3,,0,""
06d0:529e,0bf9e,06d0:531f,129,0,44,0,1,,0,""
06d0:531f,0c01f,06d0:533e,31,0,11,0,1,,0,""
06d0:533e,0c03e,06d0:549d,351,0,83,1,1,,0,""
06d0:55e5,0c2e5,06d0:56a3,190,0,64,4,1,,0,""
06d0:5778,0c478,06d0:5857,223,0,73,5,1,,0,""
06d0:5857,0c557,06d0:591d,198,0,62,1,1,,0,""
06d0:591d,0c61d,06d0:5967,74,0,34,0,1,,0,""
06d0:5967,0c667,06d0:59d2,107,0,36,2,1,,0,""
06d0:59d2,0c6d2,06d0:5a52,128,1,41,2,1,,0,""
06d0:5a52,0c752,06d0:5b28,214,0,75,0,1,,0,""
06d0:5b28,0c828,06d0:5b52,42,0,18,0,1,,0,""
06d0:5b52,0c852,06d0:5b8f,61,0,25,0,2,,0,""
06d0:5b90,0c890,06d0:5b9e,14,1,6,1,7,,0,""
06d0:5b9e,0c89e,06d0:5bf4,86,1,36,1,1,,1,""
06d0:5bf4,0c8f4,06d0:5bf5,1,1,1,0,3,,0,""
06d0:5bf5,0c8f5,06d0:5c12,29,1,17,0,2,,1,""
06d0:5c22,0c922,06d0:5c42,32,1,10,0,1,1a,0,"    "
06d0:5c42,0c942,06d0:5c4f,13,1,7,0,1,21,0,""
06d0:5c4f,0c94f,06d0:5c68,25,1,13,0,1,21,0,""
06d0:5c68,0c968,06d0:5c77,15,1,9,0,1,11,0,""
06d0:5c77,0c977,06d0:5c81,10,1,4,0,1,,0,""
06d0:5c81,0c981,06d0:5c92,17,1,8,0,1,,0,""
06d0:5c92,0c992,06d0:5cef,93,1,39,0,0,,1,""
06d0:5cef,0c9ef,06d0:5d10,33,1,12,0,7,,0,""
06d0:5d10,0ca10,06d0:5d7e,110,1,54,1,3,21,1,"%s FILE ERROR"
06d0:5d7e,0ca7e,06d0:5de7,105,1,50,0,2,21,1,""
06d0:5de8,0cae8,06d0:5e42,90,1,44,0,6,21,1,""
06d0:5e42,0cb42,06d0:5e57,21,0,12,0,1,21,0,""
06d0:5e58,0cb58,06d0:5eaf,87,1,40,0,1,10,0,""
06d0:5eb0,0cbb0,06d0:5f10,96,1,44,1,1,10,0,""
06d0:5f10,0cc10,06d0:5f2f,31,0,8,0,2,,0,""
06d0:5f4d,0cc4d,06d0:5f6d,32,0,11,0,2,,0,""
06d0:5f6e,0cc6e,06d0:5ffe,144,1,52,0,0,,0,""
06d0:5ffe,0ccfe,06d0:6040,66,1,30,0,3,,0,""
06d0:6040,0cd40,06d0:6074,52,1,19,1,4,,0,""
06d0:6074,0cd74,06d0:6321,685,1,149,0,1,,0,""
06d0:6322,0d022,06d0:634e,44,1,17,1,3,10,0,""
06d0:634e,0d04e,06d0:6363,21,1,5,1,0,,0,""
06d0:6363,0d063,06d0:637c,25,1,10,1,0,,0,"KEYBOARD ON"
06d0:637c,0d07c,06d0:63bb,63,1,24,1,0,,0,"SOUND ON | SOUND OFF"
06d0:63bb,0d0bb,06d0:63fc,65,1,24,1,0,,0,"MUSIC ON | MUSIC OFF"
06d0:63fc,0d0fc,06d0:640c,16,1,4,1,0,,0,""
06d0:640c,0d10c,06d0:641c,16,1,4,1,0,,0,""
06d0:641c,0d11c,06d0:6479,93,1,42,0,2,,0,""
06d0:6479,0d179,06d0:64a8,47,1,21,0,1,,0,""
06d0:64b9,0d1b9,06d0:64f5,60,1,24,2,0,16,0,""
06d0:64f5,0d1f5,06d0:6514,31,1,15,1,1,16,0,""
06d0:6514,0d214,06d0:657a,102,1,35,1,2,,0,""
06d0:657a,0d27a,06d0:66fe,388,1,136,0,3,,0,""
06d0:66fe,0d3fe,06d0:671c,30,1,6,0,1,,0,""
06d0:671c,0d41c,06d0:672d,17,1,8,0,2,,0,""
06d0:6754,0d454,06d0:67b8,100,1,32,0,1,,0,""
06d0:67b8,0d4b8,06d0:67fb,67,1,22,0,3,,0,""
06d0:67fb,0d4fb,06d0:68e6,235,1,101,0,0,,1,""
06d0:68e6,0d5e6,06d0:68f2,12,1,6,0,0,,0,""
06d0:68f2,0d5f2,06d0:68f7,5,1,2,0,11,,0,""
06d0:68f7,0d5f7,06d0:690b,20,1,11,0,1,16,0,""
06d0:690b,0d60b,06d0:691c,17,1,8,0,3,,0,""
06d0:691c,0d61c,06d0:6924,8,1,3,0,2,,0,""
06d0:6924,0d624,06d0:692f,11,1,4,1,5,,0,""
06d0:692f,0d62f,06d0:693e,15,1,8,0,7,16,0,""
06d0:693e,0d63e,06d0:695e,32,1,11,2,3,,0,""
06d0:695e,0d65e,06d0:6996,56,1,21,2,17,,0,""
06d0:6996,0d696,06d0:69f6,96,1,39,1,3,21,1,""
06d0:69f6,0d6f6,06d0:6a8b,149,1,63,3,0,,1,""
06d0:6a8b,0d78b,06d0:6b62,215,0,91,0,1,,1,""
06d0:6b62,0d862,06d0:6c0c,170,0,78,0,1,,1,""
06d0:6c0c,0d90c,06d0:6c44,56,1,21,4,7,,0,""
06d0:6c44,0d944,06d0:6d41,253,1,100,7,2,,1,"%s INVALID PACK TYPE"
06d0:6d42,0da42,06d0:6d4c,10,0,7,0,2,,0,""
06d0:6d4d,0da4d,06d0:6e11,196,1,88,1,15,20,1,"locateshape - %-4.4s SHAPE OR SOUND NOT FOUND"
06d0:6e12,0db12,06d0:6e7a,104,1,39,0,1,21,0,""
06d0:6e87,0db87,06d0:6ea6,31,1,12,1,1,,0,""
06d0:6eca,0dbca,06d0:6edc,18,1,6,0,1,,0,""
06d0:6edc,0dbdc,06d0:6f24,72,1,36,0,3,,1,""
06d0:6f24,0dc24,06d0:6f77,83,1,44,0,5,,1,""
06d0:6f77,0dc77,06d0:6f97,32,1,18,0,3,,0,""
06d0:6f97,0dc97,06d0:703b,164,1,60,2,4,,0,"reservememory - OUT OF MEMORY BLOCKS LOADING %s | reservememory - OUT OF MEMORY LOADING %s"
06d0:703b,0dd3b,06d0:70a8,109,1,45,1,1,,0,""
06d0:70a8,0dda8,06d0:7167,191,1,71,3,3,,0,""
06d0:7167,0de67,06d0:71ba,83,1,39,1,3,,0,""
06d0:71ba,0deba,06d0:725f,165,1,60,2,4,,0,"memory manager - BLOCK NOT FOUND at SEG= %x"
06d0:725f,0df5f,06d0:7384,293,1,108,3,13,,0,"memory manager - BLOCK NOT FOUND at SEG= %x"
06d0:7384,0e084,06d0:73c8,68,1,27,1,3,,0,"memory manager - BLOCK NOT FOUND at SEG= %x"
06d0:73c8,0e0c8,06d0:73f5,45,1,19,1,0,,0,"memory manager - BLOCK NOT FOUND at SEG= %x"
06d0:73f5,0e0f5,06d0:747d,136,1,55,2,1,,0,"memory manager - BLOCK NOT FOUND at SEG= %x"
06d0:747e,0e17e,06d0:74bc,62,1,23,0,3,,0,""
06d0:74bc,0e1bc,06d0:74cd,17,1,8,0,1,,0,""
06d0:74cd,0e1cd,06d0:74de,17,1,8,0,0,,0,""
06d0:74de,0e1de,06d0:7701,547,1,186,0,0,,1,""
06d0:7702,0e402,06d0:771f,29,1,11,0,6,,0,""
06d0:7720,0e420,06d0:7759,57,1,25,1,12,,1,""
06d0:775a,0e45a,06d0:7767,13,0,7,0,1,,0,""
06d0:7768,0e468,06d0:77ec,132,1,51,1,1,21,1,""
06d0:77ec,0e4ec,06d0:780c,32,1,19,0,6,,1,""
06d0:780c,0e50c,06d0:7828,28,1,17,0,6,,1,""
06d0:783a,0e53a,06d0:7865,43,1,17,0,1,,0,""
06d0:7865,0e565,06d0:786b,6,1,2,0,1,,0,""
06d0:786b,0e56b,06d0:7889,30,1,14,0,3,,0,""
06d0:7890,0e590,06d0:78af,31,1,13,0,0,,0,""
06d0:78bc,0e5bc,06d0:78c6,10,1,5,0,6,,0,""
06d0:78c6,0e5c6,06d0:78fb,53,1,22,0,0,,0,""
06d0:7904,0e604,06d0:791b,23,1,9,1,7,,0,""
06d0:791b,0e61b,06d0:792f,20,1,7,1,3,,0,""
06d0:792f,0e62f,06d0:7949,26,1,10,1,1,,0,""
06d0:7949,0e649,06d0:7975,44,1,17,1,3,,0,""
06d0:7976,0e676,06d0:7987,17,1,8,0,25,,0,""
06d0:7987,0e687,06d0:7998,17,1,8,0,0,,0,""
06d0:7998,0e698,06d0:79b1,25,1,15,0,4,,0,""
06d0:79b1,0e6b1,06d0:79ca,25,1,15,0,4,,0,""
06d0:7b0a,0e80a,06d0:7c52,328,1,139,0,0,,1,""
06d0:7c52,0e952,06d0:7c70,30,1,18,0,30,,1,""
06d0:7c70,0e970,06d0:7c93,35,0,15,0,7,,1,""
06d0:7c94,0e994,06d0:7cb1,29,0,13,0,0,,1,""
06d0:7cb2,0e9b2,06d0:7e1a,360,1,146,0,2,,1,""
06d0:7e1a,0eb1a,06d0:7e3d,35,0,15,0,3,,1,""
06d0:7e3e,0eb3e,06d0:7e5b,29,0,13,0,1,,1,""
06d0:7e5c,0eb5c,06d0:7efb,159,1,71,0,3,,1,""
06d0:7efc,0ebfc,06d0:7f2b,47,1,21,0,3,,0,""
06d0:7f2c,0ec2c,06d0:7f77,75,1,33,0,22,,1,""
06d0:7f80,0ec80,06d0:8297,791,1,299,0,8,,1,""
06d0:8298,0ef98,06d0:82fa,98,0,36,0,6,,0,""
06d0:82fa,0effa,06d0:8582,648,1,253,0,14,,0,""
06d0:8592,0f292,06d0:8645,179,1,70,0,1,,1,""
06d0:865a,0f35a,06d0:870d,179,1,70,0,1,,1,""
06d0:870e,0f40e,06d0:873b,45,1,18,1,1,10,0,""
06d0:873c,0f43c,06d0:875f,35,0,15,0,5,,1,""
06d0:8760,0f460,06d0:877d,29,0,13,0,6,,1,""
06d0:877e,0f47e,06d0:88e4,358,1,146,0,3,,1,""
06d0:88e4,0f5e4,06d0:8909,37,0,17,0,1,,1,""
06d0:8908,0f608,06d0:8925,29,0,13,0,8,,1,""
06d0:8926,0f626,06d0:89c5,159,1,70,0,22,,1,""
06d0:89c6,0f6c6,06d0:89dc,22,0,10,0,10,,0,""
06d0:89dd,0f6dd,06d0:8abc,223,1,92,0,0,,0,""
06d0:8abc,0f7bc,06d0:8adf,35,0,15,0,7,,1,""
06d0:8ae0,0f7e0,06d0:8afe,30,0,18,0,2,,1,""
06d0:8afe,0f7fe,06d0:8c63,357,1,161,0,4,,1,""
06d0:8c64,0f964,06d0:8c87,35,0,21,0,2,,1,""
06d0:8c88,0f988,06d0:8ca5,29,0,13,0,2,,1,""
06d0:8ca6,0f9a6,06d0:8d42,156,1,70,0,3,,1,""
06d0:8d42,0fa42,06d0:8d54,18,1,10,0,1,10,0,""
06d0:8d54,0fa54,06d0:8d77,35,0,15,0,0,,1,""
06d0:8d78,0fa78,06d0:8d9b,35,0,15,0,3,,1,""
06d0:8d9c,0fa9c,06d0:8e20,132,1,51,0,0,,1,""
06d0:8e20,0fb20,06d0:8fcb,427,0,207,0,0,,0,""
06d0:8fca,0fcca,06d0:908d,195,1,71,1,13,,1,"WINDOW"
06d0:908d,0fd8d,06d0:9870,2019,0,1800,1,0,,1,""
06d0:986e,1056e,06d0:98a8,58,1,25,0,2,,0,""
06d0:98a8,105a8,06d0:98cb,35,0,15,0,2,,1,""
06d0:98cc,105cc,06d0:98e9,29,0,13,0,0,,1,""
06d0:98ea,105ea,06d0:9a4f,357,1,148,0,0,,1,""
06d0:9a50,10750,06d0:9a73,35,0,15,0,1,,1,""
06d0:9a74,10774,06d0:9a91,29,0,13,0,1,,1,""
06d0:9a92,10792,06d0:9b2e,156,1,71,0,2,,1,""
06d0:9b2e,1082e,06d0:9b4c,30,1,10,2,1,,0,""
06d0:9b4c,1084c,06d0:9b82,54,1,20,2,0,,0,""
06d0:9b82,10882,06d0:9b8c,10,1,5,0,4,,0,""
06d0:9b8c,1088c,06d0:9ba3,23,1,9,1,1,,0,""
06d0:9bb5,108b5,06d0:9bdf,42,1,16,1,2,,0,""
06d0:9be0,108e0,06d0:9bf1,17,1,9,0,1,,0,""
06d0:9bf1,108f1,06d0:9c50,95,1,44,0,3,,0,""
06d0:9c50,10950,06d0:9c74,36,1,16,0,0,,0,""
06d0:9c74,10974,06d0:9ddf,363,1,146,1,1,,1,""
06d0:9de0,10ae0,06d0:9e53,115,1,46,0,4,,1,""
06d0:9e54,10b54,06d0:9f1a,198,1,81,1,1,,1,""
06d0:9fbc,10cbc,06d0:9fdf,35,1,15,1,1,,0,""
06d0:9fe8,10ce8,06d0:a2ef,775,1,298,0,1,,1,""
10ff:0010,11000,10ff:0036,38,1,20,0,1,,0,""
10ff:0036,11026,1104:0000,26,0,14,0,2,,0,""
1104:002c,1106c,1104:007c,80,0,39,2,4,,1,""
1104:007c,110bc,1104:015c,224,0,90,1,1,11,0,""
1104:0161,111a1,1104:03d2,625,1,271,0,1,,1,""
1104:03d1,11411,1104:03ea,25,0,14,1,1,21,0,""
1104:03ea,1142a,1104:03f6,12,0,8,0,1,,1,""
1104:03f6,11436,1104:04bc,198,0,73,7,0,20 21,1,""
1104:04bc,114fc,1104:0580,196,1,82,1,1,21,1,""
1104:0580,115c0,1104:0597,23,0,9,1,2,,0,""
1104:0597,115d7,1104:05de,71,0,26,3,2,21,0,""
1104:05de,1161e,1104:060b,45,0,18,0,1,21,1,""
1104:060b,1164b,1104:061e,19,0,9,0,3,,0,""
1104:061e,1165e,1104:0648,42,1,16,1,2,,0,""
1104:0648,11688,1104:066c,36,1,19,0,2,,0,""
1104:066c,116ac,1104:0692,38,1,17,2,1,,0,""
1104:0692,116d2,1104:0824,402,0,203,0,1,,1,""
1104:0824,11864,1104:088a,102,1,57,1,1,,1,""
1104:088a,118ca,1104:08b5,43,1,26,0,1,,0,""
1104:08b5,118f5,1104:08e0,43,1,21,1,4,21,0,""
1104:08e0,11920,1104:0942,98,1,41,1,1,21,0,""
1104:0948,11988,1104:0976,46,0,21,0,1,,0,""
1104:0976,119b6,1104:0a38,194,1,76,7,15,,0,""
1104:0a38,11a78,1104:0a6c,52,1,25,1,0,,0,""
1104:0a6c,11aac,1104:0a99,45,1,22,2,15,,0,""
1104:0a9a,11ada,1104:0add,67,1,28,3,7,,0,""
1104:0ade,11b1e,1104:0afd,31,1,13,1,5,,0,""
1104:0afe,11b3e,1104:0b40,66,1,29,3,1,,0,""
1104:0b40,11b80,1104:0be5,165,1,70,2,2,,0,""
1104:0be6,11c26,1104:0c4b,101,0,40,1,2,,0,""
1104:0c4c,11c8c,1104:0ded,417,1,166,4,4,,0,""
1104:0dee,11e2e,1104:0e1d,47,1,19,1,1,,0,""
1104:0e1e,11e5e,1104:0f14,246,1,100,1,1,,0,""
1104:0f14,11f54,1104:0fc2,174,1,62,0,2,,0,""
1104:0fc2,12002,1104:1059,151,1,62,2,2,,0,""
1104:105a,1209a,1104:10c4,106,1,46,1,3,,0,""
1104:10c4,12104,1104:1468,932,1,331,9,2,,0,""
1104:1468,124a8,1104:1559,241,1,91,4,1,,0,""
1104:155a,1259a,1104:16f9,415,1,151,5,1,,0,""
1104:16fa,1273a,1104:1848,334,1,141,5,1,,0,""
1104:1848,12888,1104:186c,36,1,17,1,1,,0,""
1104:186c,128ac,1104:18ad,65,1,31,2,1,,0,""
1104:18ae,128ee,1104:18d4,38,1,16,1,5,,0,""
1104:18d4,12914,1104:190c,56,1,25,2,4,,0,""
1104:190c,1294c,1104:1929,29,1,10,0,4,,0,""
1104:192a,1296a,1104:1bfd,723,1,244,8,3,,0,""
1104:1bfe,12c3e,1104:1d38,314,1,115,3,1,,0,""
1104:1d38,12d78,1104:1e29,241,1,88,2,1,,0,"(null) | (null)"
1104:1e2a,12e6a,1104:1ecd,163,1,52,1,1,,0,""
1104:1ece,12f0e,1104:1f11,67,1,28,1,4,,0,""
1104:1f12,12f52,1104:1f72,96,1,40,1,2,,0,""
1104:1f72,12fb2,1104:1fdc,106,1,44,1,3,,0,""
1104:1fdc,1301c,1104:20ab,207,1,82,6,2,,0,""
1104:20ac,130ec,1104:20c4,24,1,10,1,1,,0,""
1104:20c4,13104,1104:20ee,42,1,17,1,1,,0,""
1104:20ee,1312e,1104:216d,127,1,54,0,1,,0,""
1104:216e,131ae,1104:2197,41,1,22,0,1,,0,"+- #"
1104:2198,131d8,1104:21d4,60,1,28,0,1,,0,""
1104:21d4,13214,1104:223c,104,1,47,1,6,,0,""
1104:223c,1327c,1104:225c,32,0,13,0,1,21,0,""
1104:225c,1329c,1104:22d6,122,0,46,0,2,21,0,""
1104:22d6,13316,1104:2469,403,1,157,1,1,21,0,""
1104:2469,134a9,1104:247a,17,0,8,0,1,,0,""
1104:247a,134ba,1104:2555,219,0,90,0,1,21,0,""
1104:2556,13596,1104:25fe,168,0,75,2,2,21,0,""
1104:25fe,1363e,1104:2680,130,0,61,0,1,21,0,""
1104:2680,136c0,1104:2694,20,1,12,0,1,,0,""
1104:2694,136d4,1104:26a6,18,1,9,0,1,,0,""
1104:26a6,136e6,1104:26ef,73,1,34,2,2,,0,""
1104:26ef,1372f,1104:27d2,227,0,106,2,1,,1,""
1104:27d2,13812,1104:280c,58,0,29,1,1,,0,""
1104:280c,1384c,1104:282e,34,0,18,1,2,,0,""
1104:282e,1386e,1104:284f,33,0,20,1,2,,1,""
1104:2850,13890,1104:28be,110,1,53,1,1,21,0,""
1104:28be,138fe,1104:2914,86,0,39,0,1,21,0,""
1104:2914,13954,1104:2953,63,1,30,0,21,,0,""
1104:2954,13994,1104:2986,50,1,26,0,29,,0,""
1104:2986,139c6,1104:29b1,43,1,21,0,1,,0,""
1104:29b2,139f2,1104:29cd,27,1,15,0,4,,0,""
1104:29ce,13a0e,1104:29e9,27,0,13,0,1,,0,""
1104:29ea,13a2a,1104:29f4,10,0,6,0,1,,0,""
1104:29f4,13a34,1104:2a16,34,1,14,3,0,,0,""
1104:2a16,13a56,1104:2a39,35,1,15,0,2,,0,""
1104:2a3a,13a7a,1104:2a94,90,1,39,2,10,,0,""
1104:2a94,13ad4,1104:2ad5,65,1,28,2,1,,0,""
1104:2ad6,13b16,1104:2b3e,104,1,48,1,1,,0,""
1104:2b3e,13b7e,1104:2b80,66,1,34,0,12,,0,""
1104:2b80,13bc0,1104:2c0d,141,1,75,0,1,,0,""
1104:2c1a,13c5a,1104:2cab,145,1,63,2,1,21 23,0,""
1104:2cb2,13cf2,1104:2d55,163,1,67,1,0,21,1,""
1104:2d55,13d95,1104:2d7d,40,1,20,0,2,,0,""
1104:2da5,13de5,1104:2dcf,42,1,23,0,0,,1,""
1104:2e1e,13e5e,1104:2e2b,13,0,6,0,2,21,0,""
1104:2e2c,13e6c,1104:2e3f,19,1,11,0,1,21,0,""
1104:2e40,13e80,1104:2ee5,165,1,74,1,2,,0,""
1104:2ee6,13f26,1104:2f1a,52,1,23,0,4,,0,""
1104:2f1a,13f5a,1104:2fc2,168,1,73,1,1,,0,""
1104:2fc2,14002,1104:2fcd,11,1,6,0,2,,0,""
1104:2fce,1400e,1104:2ff2,36,1,14,1,1,,0,""
1104:2ff2,14032,1405:0000,30,0,12,1,1,,0,""
1405:0004,14054,1405:002d,41,0,12,4,14,,0,""
1408:0004,14084,1408:000d,9,0,4,0,1,,0,""
1409:000e,1409e,1409:003e,48,0,19,1,19,,0,""
140d:0008,140d8,1416:0000,136,0,48,1,14,,0,""
1416:0002,14162,1416:002e,44,0,13,2,2,,0,""
1419:000c,1419c,1419:02a9,669,1,223,7,1,,0,""
1419:02aa,1443a,1419:02e8,62,1,26,1,1,,0,""
1419:02e8,14478,1419:02fe,22,0,7,0,1,,0,""
1449:000c,1449c,1449:004e,66,1,26,1,4,,0,""
1449:004e,144de,1449:0090,66,1,26,1,4,,0,""
1449:0090,14520,1449:00d2,66,1,26,1,0,,0,""
1449:00d2,14562,145a:0000,62,0,23,1,0,,0,""
145a:0004,145a4,145a:007d,121,1,49,1,1,,0,""
145a:007e,1461e,145a:0222,420,1,151,21,1,,0,""
145a:0222,147c2,145a:0359,311,1,113,13,3,,0,""
145a:035a,148fa,145a:04cf,373,1,137,16,1,,0,"PAUSE - PRESS ANY KEY TO RESUME"
14a7:0000,14a70,14a7:0250,592,1,210,12,16,,0,".PES | UNFLIP | .TSH | .PTS | UNFLIP"
14a7:0250,14cc0,14a7:02ff,175,0,65,5,0,,0,""
14d7:0004,14d74,14d7:008f,139,0,50,3,1,,0,""
14e0:0004,14e04,14e0:024e,586,1,217,22,1,,0," to move the joystick position indicator  |  below, to all squares  |  Press joystick button when complete "
